"Date","Price","Open","High","Low","Vol.","Change %"
"09-01-2026","37,455.92","37,455.92","37,455.92","37,455.92","","-0.90%"
"08-01-2026","37,795.55","37,795.55","37,795.55","37,795.55","","-1.40%"
"07-01-2026","38,332.63","38,332.63","38,332.63","38,332.63","","0.03%"
"06-01-2026","38,322.83","38,322.83","38,322.83","38,322.83","","-0.20%"
"05-01-2026","38,399.37","38,399.37","38,399.37","38,399.37","","-0.17%"
"02-01-2026","38,464.10","38,464.10","38,464.10","38,464.10","","0.79%"
"01-01-2026","38,161.77","38,161.77","38,161.77","38,161.77","","0.16%"
"31-12-2025","38,101.06","38,101.06","38,101.06","38,101.06","","0.86%"
"30-12-2025","37,777.45","37,777.45","37,777.45","37,777.45","","-0.06%"
"29-12-2025","37,798.74","37,798.74","37,798.74","37,798.74","","-0.41%"
"26-12-2025","37,955.38","37,955.38","37,955.38","37,955.38","","-0.29%"
"24-12-2025","38,067.12","38,067.12","38,067.12","38,067.12","","-0.19%"
"23-12-2025","38,138.72","38,138.72","38,138.72","38,138.72","","0.12%"
"22-12-2025","38,094.83","38,094.83","38,094.83","38,094.83","","0.80%"
"19-12-2025","37,791.42","37,791.42","37,791.42","37,791.42","","0.79%"
"18-12-2025","37,494.35","37,494.35","37,494.35","37,494.35","","-0.02%"
"17-12-2025","37,501.66","37,501.66","37,501.66","37,501.66","","-0.31%"
"16-12-2025","37,619.88","37,619.88","37,619.88","37,619.88","","-0.65%"
"15-12-2025","37,867.37","37,867.37","37,867.37","37,867.37","","0.00%"
"12-12-2025","37,869.00","37,869.00","37,869.00","37,869.00","","0.74%"
"11-12-2025","37,589.10","37,589.10","37,589.10","37,589.10","","0.61%"
"10-12-2025","37,362.36","37,362.36","37,362.36","37,362.36","","-0.46%"
"09-12-2025","37,533.89","37,533.89","37,533.89","37,533.89","","-0.04%"
"08-12-2025","37,549.77","37,549.77","37,549.77","37,549.77","","-1.30%"
"05-12-2025","38,043.05","38,043.05","38,043.05","38,043.05","","0.40%"
"04-12-2025","37,892.73","37,892.73","37,892.73","37,892.73","","0.10%"
"03-12-2025","37,853.13","37,853.13","37,853.13","37,853.13","","-0.44%"
"02-12-2025","38,022.20","38,022.20","38,022.20","38,022.20","","-0.42%"
"01-12-2025","38,182.16","38,182.16","38,182.16","38,182.16","","-0.05%"
"28-11-2025","38,199.35","38,199.35","38,199.35","38,199.35","","-0.06%"
"27-11-2025","38,222.54","38,222.54","38,222.54","38,222.54","","-0.03%"
"26-11-2025","38,234.47","38,234.47","38,234.47","38,234.47","","1.27%"
"25-11-2025","37,754.36","37,754.36","37,754.36","37,754.36","","-0.08%"
"24-11-2025","37,785.50","37,785.50","37,785.50","37,785.50","","-0.49%"
"21-11-2025","37,970.16","37,970.16","37,970.16","37,970.16","","-0.77%"
"20-11-2025","38,264.88","38,264.88","38,264.88","38,264.88","","0.29%"
"19-11-2025","38,154.25","38,154.25","38,154.25","38,154.25","","0.34%"
"18-11-2025","38,023.56","38,023.56","38,023.56","38,023.56","","-0.54%"
"17-11-2025","38,229.80","38,229.80","38,229.80","38,229.80","","0.50%"
"14-11-2025","38,041.15","38,041.15","38,041.15","38,041.15","","0.09%"
"13-11-2025","38,007.30","38,007.30","38,007.30","38,007.30","","-0.09%"
"12-11-2025","38,040.22","38,040.22","38,040.22","38,040.22","","0.65%"
"11-11-2025","37,794.11","37,794.11","37,794.11","37,794.11","","0.36%"
"10-11-2025","37,656.69","37,656.69","37,656.69","37,656.69","","0.33%"
"07-11-2025","37,532.20","37,532.20","37,532.20","37,532.20","","0.06%"
"06-11-2025","37,510.82","37,510.82","37,510.82","37,510.82","","-0.68%"
"04-11-2025","37,768.49","37,768.49","37,768.49","37,768.49","","-0.57%"
"03-11-2025","37,983.99","37,983.99","37,983.99","37,983.99","","0.43%"
"31-10-2025","37,822.45","37,822.45","37,822.45","37,822.45","","-0.55%"
"30-10-2025","38,030.97","38,030.97","38,030.97","38,030.97","","-0.46%"
"29-10-2025","38,208.18","38,208.18","38,208.18","38,208.18","","0.59%"
"28-10-2025","37,985.14","37,985.14","37,985.14","37,985.14","","-0.12%"
"27-10-2025","38,030.32","38,030.32","38,030.32","38,030.32","","0.70%"
"24-10-2025","37,766.89","37,766.89","37,766.89","37,766.89","","-0.29%"
"23-10-2025","37,876.13","37,876.13","37,876.13","37,876.13","","-0.01%"
"21-10-2025","37,881.08","37,881.08","37,881.08","37,881.08","","0.18%"
"20-10-2025","37,812.39","37,812.39","37,812.39","37,812.39","","0.51%"
"17-10-2025","37,622.31","37,622.31","37,622.31","37,622.31","","0.15%"
"16-10-2025","37,565.29","37,565.29","37,565.29","37,565.29","","0.80%"
"15-10-2025","37,268.03","37,268.03","37,268.03","37,268.03","","0.84%"
"14-10-2025","36,957.77","36,957.77","36,957.77","36,957.77","","-0.66%"
"10-10-2025","37,202.44","37,202.44","37,202.44","37,202.44","","0.41%"
"09-10-2025","37,049.58","37,049.58","37,049.58","37,049.58","","0.57%"
"08-10-2025","36,838.50","36,838.50","36,838.50","36,838.50","","-0.43%"
"07-10-2025","36,998.14","36,998.14","36,998.14","36,998.14","","0.17%"
"06-10-2025","36,934.66","36,934.66","36,934.66","36,934.66","","0.62%"
"03-10-2025","36,708.39","36,708.39","36,708.39","36,708.39","","0.43%"
"01-10-2025","36,549.80","36,549.80","36,549.80","36,549.80","","0.83%"
"30-09-2025","36,248.22","36,248.22","36,248.22","36,248.22","","0.00%"
"29-09-2025","36,248.22","36,248.22","36,248.22","36,248.22","","0.11%"
"26-09-2025","36,206.84","36,206.84","36,206.84","36,206.84","","-1.34%"
"25-09-2025","36,699.82","36,699.82","36,699.82","36,699.82","","-0.67%"
"24-09-2025","36,948.25","36,948.25","36,948.25","36,948.25","","-0.63%"
"23-09-2025","37,182.63","37,182.63","37,182.63","37,182.63","","-0.24%"
"22-09-2025","37,272.18","37,272.18","37,272.18","37,272.18","","-0.45%"
"19-09-2025","37,439.30","37,439.30","37,439.30","37,439.30","","-0.14%"
"18-09-2025","37,490.10","37,490.10","37,490.10","37,490.10","","0.31%"
"17-09-2025","37,372.44","37,372.44","37,372.44","37,372.44","","0.33%"
"16-09-2025","37,251.37","37,251.37","37,251.37","37,251.37","","0.66%"
"15-09-2025","37,006.74","37,006.74","37,006.74","37,006.74","","0.11%"
"12-09-2025","36,965.52","36,965.52","36,965.52","36,965.52","","0.38%"
"11-09-2025","36,825.45","36,825.45","36,825.45","36,825.45","","0.12%"
"10-09-2025","36,780.00","36,780.00","36,780.00","36,780.00","","0.55%"
"09-09-2025","36,580.32","36,580.32","36,580.32","36,580.32","","0.31%"
"08-09-2025","36,467.99","36,467.99","36,467.99","36,467.99","","0.22%"
"05-09-2025","36,388.38","36,388.38","36,388.38","36,388.38","","0.04%"
"04-09-2025","36,373.30","36,373.30","36,373.30","36,373.30","","-0.18%"
"03-09-2025","36,439.98","36,439.98","36,439.98","36,439.98","","0.62%"
"02-09-2025","36,216.30","36,216.30","36,216.30","36,216.30","","0.05%"
"01-09-2025","36,198.88","36,198.88","36,198.88","36,198.88","","1.12%"
"29-08-2025","35,799.38","35,799.38","35,799.38","35,799.38","","-0.35%"
"28-08-2025","35,924.50","35,924.50","35,924.50","35,924.50","","-1.00%"
"26-08-2025","36,286.08","36,286.08","36,286.08","36,286.08","","-1.23%"
"25-08-2025","36,737.52","36,737.52","36,737.52","36,737.52","","0.27%"
"22-08-2025","36,639.05","36,639.05","36,639.05","36,639.05","","-0.62%"
"21-08-2025","36,869.09","36,869.09","36,869.09","36,869.09","","-0.02%"
"20-08-2025","36,875.67","36,875.67","36,875.67","36,875.67","","0.33%"
"19-08-2025","36,753.67","36,753.67","36,753.67","36,753.67","","0.59%"
"18-08-2025","36,537.05","36,537.05","36,537.05","36,537.05","","1.11%"
"14-08-2025","36,135.65","36,135.65","36,135.65","36,135.65","","0.53%"
"12-08-2025","35,945.46","35,945.46","35,945.46","35,945.46","","-0.24%"
"11-08-2025","36,032.97","36,032.97","36,032.97","36,032.97","","0.85%"
"08-08-2025","35,729.39","35,729.39","35,729.39","35,729.39","","-1.10%"
"07-08-2025","36,126.45","36,126.45","36,126.45","36,126.45","","0.12%"
"06-08-2025","36,081.74","36,081.74","36,081.74","36,081.74","","-0.57%"
"05-08-2025","36,288.64","36,288.64","36,288.64","36,288.64","","0.56%"
"01-08-2025","36,086.49","36,086.49","36,086.49","36,086.49","","-1.03%"
"31-07-2025","36,461.71","36,461.71","36,461.71","36,461.71","","-0.51%"
"30-07-2025","36,647.67","36,647.67","36,647.67","36,647.67","","0.11%"
"29-07-2025","36,605.74","36,605.74","36,605.74","36,605.74","","0.71%"
"28-07-2025","36,349.32","36,349.32","36,349.32","36,349.32","","-0.72%"
"25-07-2025","36,612.62","36,612.62","36,612.62","36,612.62","","-1.19%"
"24-07-2025","37,054.58","37,054.58","37,054.58","37,054.58","","-0.54%"
"23-07-2025","37,254.92","37,254.92","37,254.92","37,254.92","","0.46%"
"22-07-2025","37,083.15","37,083.15","37,083.15","37,083.15","","-0.25%"
"21-07-2025","37,174.68","37,174.68","37,174.68","37,174.68","","0.44%"
"18-07-2025","37,010.28","37,010.28","37,010.28","37,010.28","","-0.58%"
"17-07-2025","37,225.68","37,225.68","37,225.68","37,225.68","","-0.22%"
"16-07-2025","37,309.40","37,309.40","37,309.40","37,309.40","","0.11%"
"15-07-2025","37,270.09","37,270.09","37,270.09","37,270.09","","0.60%"
"14-07-2025","37,047.20","37,047.20","37,047.20","37,047.20","","0.11%"
"11-07-2025","37,005.03","37,005.03","37,005.03","37,005.03","","-0.80%"
"10-07-2025","37,302.43","37,302.43","37,302.43","37,302.43","","-0.36%"
"09-07-2025","37,438.19","37,438.19","37,438.19","37,438.19","","-0.06%"
"08-07-2025","37,461.97","37,461.97","37,461.97","37,461.97","","0.09%"
"07-07-2025","37,426.49","37,426.49","37,426.49","37,426.49","","-0.04%"
"04-07-2025","37,443.20","37,443.20","37,443.20","37,443.20","","0.19%"
"03-07-2025","37,371.00","37,371.00","37,371.00","37,371.00","","-0.11%"
"02-07-2025","37,411.42","37,411.42","37,411.42","37,411.42","","-0.29%"
"01-07-2025","37,519.71","37,519.71","37,519.71","37,519.71","","-0.01%"
"30-06-2025","37,522.38","37,522.38","37,522.38","37,522.38","","-0.01%"
"27-06-2025","37,526.73","37,526.73","37,526.73","37,526.73","","0.53%"
"26-06-2025","37,329.53","37,329.53","37,329.53","37,329.53","","0.95%"
"25-06-2025","36,979.23","36,979.23","36,979.23","36,979.23","","0.79%"
"24-06-2025","36,687.65","36,687.65","36,687.65","36,687.65","","0.49%"
"23-06-2025","36,507.74","36,507.74","36,507.74","36,507.74","","-0.16%"
"20-06-2025","36,565.82","36,565.82","36,565.82","36,565.82","","1.22%"
"19-06-2025","36,123.39","36,123.39","36,123.39","36,123.39","","-0.70%"
"18-06-2025","36,379.40","36,379.40","36,379.40","36,379.40","","-0.24%"
"17-06-2025","36,468.69","36,468.69","36,468.69","36,468.69","","-0.49%"
"16-06-2025","36,648.19","36,648.19","36,648.19","36,648.19","","0.83%"
"13-06-2025","36,348.18","36,348.18","36,348.18","36,348.18","","-0.60%"
"12-06-2025","36,568.42","36,568.42","36,568.42","36,568.42","","-1.25%"
"11-06-2025","37,030.15","37,030.15","37,030.15","37,030.15","","-0.01%"
"10-06-2025","37,032.96","37,032.96","37,032.96","37,032.96","","0.05%"
"09-06-2025","37,016.25","37,016.25","37,016.25","37,016.25","","0.71%"
"06-06-2025","36,753.75","36,753.75","36,753.75","36,753.75","","1.01%"
"05-06-2025","36,386.82","36,386.82","36,386.82","36,386.82","","0.56%"
"04-06-2025","36,185.79","36,185.79","36,185.79","36,185.79","","0.45%"
"03-06-2025","36,024.39","36,024.39","36,024.39","36,024.39","","-0.52%"
"02-06-2025","36,211.90","36,211.90","36,211.90","36,211.90","","0.14%"
"30-05-2025","36,160.26","36,160.26","36,160.26","36,160.26","","-0.21%"
"29-05-2025","36,236.36","36,236.36","36,236.36","36,236.36","","0.36%"
"28-05-2025","36,105.43","36,105.43","36,105.43","36,105.43","","-0.12%"
"27-05-2025","36,149.56","36,149.56","36,149.56","36,149.56","","-0.40%"
"26-05-2025","36,294.53","36,294.53","36,294.53","36,294.53","","0.56%"
"23-05-2025","36,092.88","36,092.88","36,092.88","36,092.88","","0.83%"
"22-05-2025","35,797.03","35,797.03","35,797.03","35,797.03","","-0.59%"
"21-05-2025","36,010.70","36,010.70","36,010.70","36,010.70","","0.64%"
"20-05-2025","35,780.62","35,780.62","35,780.62","35,780.62","","-1.23%"
"19-05-2025","36,224.52","36,224.52","36,224.52","36,224.52","","-0.02%"
"16-05-2025","36,232.61","36,232.61","36,232.61","36,232.61","","0.39%"
"15-05-2025","36,090.63","36,090.63","36,090.63","36,090.63","","1.29%"
"14-05-2025","35,632.27","35,632.27","35,632.27","35,632.27","","0.67%"
"13-05-2025","35,393.94","35,393.94","35,393.94","35,393.94","","-0.72%"
"12-05-2025","35,650.00","35,650.00","35,650.00","35,650.00","","3.86%"
"09-05-2025","34,326.37","34,326.37","34,326.37","34,326.37","","-0.76%"
"08-05-2025","34,590.60","34,590.60","34,590.60","34,590.60","","-1.04%"
"07-05-2025","34,953.84","34,953.84","34,953.84","34,953.84","","0.53%"
"06-05-2025","34,770.10","34,770.10","34,770.10","34,770.10","","-1.07%"
"05-05-2025","35,147.86","35,147.86","35,147.86","35,147.86","","0.86%"
"02-05-2025","34,848.28","34,848.28","34,848.28","34,848.28","","-0.11%"
"30-04-2025","34,886.08","34,886.08","34,886.08","34,886.08","","-0.37%"
"29-04-2025","35,016.37","35,016.37","35,016.37","35,016.37","","0.05%"
"28-04-2025","34,999.51","34,999.51","34,999.51","34,999.51","","1.17%"
"25-04-2025","34,594.15","34,594.15","34,594.15","34,594.15","","-1.50%"
"24-04-2025","35,120.10","35,120.10","35,120.10","35,120.10","","-0.26%"
"23-04-2025","35,210.27","35,210.27","35,210.27","35,210.27","","0.69%"
"22-04-2025","34,968.69","34,968.69","34,968.69","34,968.69","","0.36%"
"21-04-2025","34,842.91","34,842.91","34,842.91","34,842.91","","1.50%"
"17-04-2025","34,329.58","34,329.58","34,329.58","34,329.58","","1.29%"
"16-04-2025","33,890.74","33,890.74","33,890.74","33,890.74","","0.59%"
"15-04-2025","33,692.80","33,692.80","33,692.80","33,692.80","","2.54%"
"11-04-2025","32,859.13","32,859.13","32,859.13","32,859.13","","1.95%"
"09-04-2025","32,231.86","32,231.86","32,231.86","32,231.86","","-0.61%"
"08-04-2025","32,428.26","32,428.26","32,428.26","32,428.26","","1.87%"
"07-04-2025","31,834.33","31,834.33","31,834.33","31,834.33","","-3.36%"
"04-04-2025","32,942.09","32,942.09","32,942.09","32,942.09","","-2.06%"
"03-04-2025","33,635.56","33,635.56","33,635.56","33,635.56","","-0.10%"
"02-04-2025","33,670.61","33,670.61","33,670.61","33,670.61","","0.93%"
"01-04-2025","33,361.96","33,361.96","33,361.96","33,361.96","","-1.26%"
"28-03-2025","33,787.56","33,787.56","33,787.56","33,787.56","","-0.32%"
"27-03-2025","33,895.46","33,895.46","33,895.46","33,895.46","","0.62%"
"26-03-2025","33,685.64","33,685.64","33,685.64","33,685.64","","-0.75%"
"25-03-2025","33,941.26","33,941.26","33,941.26","33,941.26","","-0.47%"
"24-03-2025","34,100.12","34,100.12","34,100.12","34,100.12","","1.24%"
"21-03-2025","33,681.84","33,681.84","33,681.84","33,681.84","","0.97%"
"20-03-2025","33,358.70","33,358.70","33,358.70","33,358.70","","0.99%"
"19-03-2025","33,033.14","33,033.14","33,033.14","33,033.14","","1.01%"
"18-03-2025","32,703.97","32,703.97","32,703.97","32,703.97","","1.82%"
"17-03-2025","32,119.96","32,119.96","32,119.96","32,119.96","","0.56%"
"13-03-2025","31,942.25","31,942.25","31,942.25","31,942.25","","-0.44%"
"12-03-2025","32,081.82","32,081.82","32,081.82","32,081.82","","-0.19%"
"11-03-2025","32,142.17","32,142.17","32,142.17","32,142.17","","-0.69%"
"07-03-2025","32,364.23","32,364.23","32,364.23","32,364.23","","-0.02%"
"06-03-2025","32,369.70","32,369.70","32,369.70","32,369.70","","0.94%"
"05-03-2025","32,068.00","32,068.00","32,068.00","32,068.00","","1.70%"
"04-03-2025","31,531.88","31,531.88","31,531.88","31,531.88","","0.11%"
"03-03-2025","31,498.76","31,498.76","31,498.76","31,498.76","","0.08%"
"28-02-2025","31,473.37","31,473.37","31,473.37","31,473.37","","-2.14%"
"27-02-2025","32,160.49","32,160.49","32,160.49","32,160.49","","-0.51%"
"25-02-2025","32,323.82","32,323.82","32,323.82","32,323.82","","-0.24%"
"24-02-2025","32,402.38","32,402.38","32,402.38","32,402.38","","-1.07%"
"21-02-2025","32,753.50","32,753.50","32,753.50","32,753.50","","-0.67%"
"20-02-2025","32,975.85","32,975.85","32,975.85","32,975.85","","0.48%"
"19-02-2025","32,817.74","32,817.74","32,817.74","32,817.74","","0.58%"
"18-02-2025","32,627.75","32,627.75","32,627.75","32,627.75","","-0.19%"
"17-02-2025","32,691.24","32,691.24","32,691.24","32,691.24","","0.10%"
"14-02-2025","32,659.90","32,659.90","32,659.90","32,659.90","","-1.29%"
"13-02-2025","33,086.76","33,086.76","33,086.76","33,086.76","","-0.01%"
"12-02-2025","33,091.14","33,091.14","33,091.14","33,091.14","","-0.17%"
"11-02-2025","33,146.32","33,146.32","33,146.32","33,146.32","","-1.97%"
"10-02-2025","33,812.23","33,812.23","33,812.23","33,812.23","","-1.27%"
"07-02-2025","34,246.84","34,246.84","34,246.84","34,246.84","","-0.10%"
"06-02-2025","34,279.63","34,279.63","34,279.63","34,279.63","","-0.51%"
"05-02-2025","34,453.97","34,453.97","34,453.97","34,453.97","","0.26%"
"04-02-2025","34,363.72","34,363.72","34,363.72","34,363.72","","1.52%"
"03-02-2025","33,849.51","33,849.51","33,849.51","33,849.51","","-0.83%"
"01-02-2025","34,132.24","34,132.24","34,132.24","34,132.24","","0.00%"
"31-01-2025","34,130.93","34,130.93","34,130.93","34,130.93","","1.35%"
"30-01-2025","33,676.11","33,676.11","33,676.11","33,676.11","","0.25%"
"29-01-2025","33,593.20","33,593.20","33,593.20","33,593.20","","1.54%"
"28-01-2025","33,084.22","33,084.22","33,084.22","33,084.22","","0.07%"
"27-01-2025","33,062.34","33,062.34","33,062.34","33,062.34","","-1.91%"
"24-01-2025","33,707.25","33,707.25","33,707.25","33,707.25","","-1.02%"
"23-01-2025","34,053.66","34,053.66","34,053.66","34,053.66","","0.66%"
"22-01-2025","33,829.92","33,829.92","33,829.92","33,829.92","","-0.17%"
"21-01-2025","33,887.69","33,887.69","33,887.69","33,887.69","","-1.72%"
"20-01-2025","34,481.71","34,481.71","34,481.71","34,481.71","","0.59%"
"17-01-2025","34,278.13","34,278.13","34,278.13","34,278.13","","-0.10%"
"16-01-2025","34,313.80","34,313.80","34,313.80","34,313.80","","0.76%"
"15-01-2025","34,055.47","34,055.47","34,055.47","34,055.47","","0.33%"
"14-01-2025","33,944.68","33,944.68","33,944.68","33,944.68","","1.12%"
"13-01-2025","33,569.22","33,569.22","33,569.22","33,569.22","","-2.55%"
"10-01-2025","34,447.06","34,447.06","34,447.06","34,447.06","","-1.12%"
"09-01-2025","34,838.29","34,838.29","34,838.29","34,838.29","","-0.83%"
"08-01-2025","35,131.01","35,131.01","35,131.01","35,131.01","","-0.49%"
"07-01-2025","35,304.55","35,304.55","35,304.55","35,304.55","","0.52%"
"06-01-2025","35,120.87","35,120.87","35,120.87","35,120.87","","-2.13%"
"03-01-2025","35,883.72","35,883.72","35,883.72","35,883.72","","-0.49%"
"02-01-2025","36,060.05","36,060.05","36,060.05","36,060.05","","1.50%"
"01-01-2025","35,526.08","35,526.08","35,526.08","35,526.08","","0.48%"
"31-12-2024","35,357.90","35,357.90","35,357.90","35,357.90","","0.08%"
"30-12-2024","35,329.04","35,329.04","35,329.04","35,329.04","","-0.39%"
"27-12-2024","35,468.25","35,468.25","35,468.25","35,468.25","","0.07%"
"26-12-2024","35,444.76","35,444.76","35,444.76","35,444.76","","0.12%"
"24-12-2024","35,401.02","35,401.02","35,401.02","35,401.02","","-0.03%"
"23-12-2024","35,413.41","35,413.41","35,413.41","35,413.41","","0.42%"
"20-12-2024","35,266.62","35,266.62","35,266.62","35,266.62","","-1.90%"
"19-12-2024","35,950.45","35,950.45","35,950.45","35,950.45","","-0.79%"
"18-12-2024","36,238.39","36,238.39","36,238.39","36,238.39","","-0.70%"
"17-12-2024","36,493.34","36,493.34","36,493.34","36,493.34","","-1.10%"
"16-12-2024","36,898.98","36,898.98","36,898.98","36,898.98","","-0.03%"
"13-12-2024","36,909.23","36,909.23","36,909.23","36,909.23","","0.44%"
"12-12-2024","36,747.20","36,747.20","36,747.20","36,747.20","","-0.44%"
"11-12-2024","36,907.95","36,907.95","36,907.95","36,907.95","","0.19%"
"10-12-2024","36,839.60","36,839.60","36,839.60","36,839.60","","0.10%"
"09-12-2024","36,803.45","36,803.45","36,803.45","36,803.45","","-0.09%"
"06-12-2024","36,835.17","36,835.17","36,835.17","36,835.17","","0.15%"
"05-12-2024","36,781.26","36,781.26","36,781.26","36,781.26","","0.77%"
"04-12-2024","36,499.26","36,499.26","36,499.26","36,499.26","","0.34%"
"03-12-2024","36,374.88","36,374.88","36,374.88","36,374.88","","0.81%"
"02-12-2024","36,082.61","36,082.61","36,082.61","36,082.61","","0.66%"
"29-11-2024","35,847.40","35,847.40","35,847.40","35,847.40","","0.77%"
"28-11-2024","35,573.80","35,573.80","35,573.80","35,573.80","","-0.78%"
"27-11-2024","35,853.83","35,853.83","35,853.83","35,853.83","","0.57%"
"26-11-2024","35,649.51","35,649.51","35,649.51","35,649.51","","0.04%"
"25-11-2024","35,635.18","35,635.18","35,635.18","35,635.18","","1.48%"
"22-11-2024","35,116.00","35,116.00","35,116.00","35,116.00","","1.85%"
"21-11-2024","34,476.59","34,476.59","34,476.59","34,476.59","","-0.35%"
"18-11-2024","34,599.09","34,599.09","34,599.09","34,599.09","","-0.29%"
"14-11-2024","34,699.38","34,699.38","34,699.38","34,699.38","","0.23%"
"13-11-2024","34,618.08","34,618.08","34,618.08","34,618.08","","-1.86%"
"12-11-2024","35,275.39","35,275.39","35,275.39","35,275.39","","-1.15%"
"11-11-2024","35,685.95","35,685.95","35,685.95","35,685.95","","-0.24%"
"08-11-2024","35,771.65","35,771.65","35,771.65","35,771.65","","-0.70%"
"07-11-2024","36,023.67","36,023.67","36,023.67","36,023.67","","-0.97%"
"06-11-2024","36,377.55","36,377.55","36,377.55","36,377.55","","1.57%"
"05-11-2024","35,816.90","35,816.90","35,816.90","35,816.90","","0.72%"
"04-11-2024","35,561.76","35,561.76","35,561.76","35,561.76","","-1.33%"
"01-11-2024","36,042.89","36,042.89","36,042.89","36,042.89","","0.59%"
"31-10-2024","35,830.98","35,830.98","35,830.98","35,830.98","","-0.25%"
"30-10-2024","35,921.77","35,921.77","35,921.77","35,921.77","","-0.20%"
"29-10-2024","35,992.90","35,992.90","35,992.90","35,992.90","","0.68%"
"28-10-2024","35,749.31","35,749.31","35,749.31","35,749.31","","0.67%"
"25-10-2024","35,510.88","35,510.88","35,510.88","35,510.88","","-1.27%"
"24-10-2024","35,966.15","35,966.15","35,966.15","35,966.15","","-0.23%"
"23-10-2024","36,050.23","36,050.23","36,050.23","36,050.23","","0.12%"
"22-10-2024","36,008.15","36,008.15","36,008.15","36,008.15","","-1.92%"
"21-10-2024","36,713.97","36,713.97","36,713.97","36,713.97","","-0.76%"
"18-10-2024","36,994.04","36,994.04","36,994.04","36,994.04","","0.28%"
"17-10-2024","36,891.50","36,891.50","36,891.50","36,891.50","","-1.25%"
"16-10-2024","37,358.90","37,358.90","37,358.90","37,358.90","","-0.26%"
"15-10-2024","37,457.60","37,457.60","37,457.60","37,457.60","","0.04%"
"14-10-2024","37,443.97","37,443.97","37,443.97","37,443.97","","0.49%"
"11-10-2024","37,261.17","37,261.17","37,261.17","37,261.17","","0.06%"
"10-10-2024","37,240.29","37,240.29","37,240.29","37,240.29","","-0.01%"
"09-10-2024","37,242.54","37,242.54","37,242.54","37,242.54","","0.37%"
"08-10-2024","37,105.17","37,105.17","37,105.17","37,105.17","","1.43%"
"07-10-2024","36,583.47","36,583.47","36,583.47","36,583.47","","-1.50%"
"04-10-2024","37,140.49","37,140.49","37,140.49","37,140.49","","-0.93%"
"03-10-2024","37,488.51","37,488.51","37,488.51","37,488.51","","-2.02%"
"30-09-2024","38,261.39","38,261.39","38,261.39","38,261.39","","-1.00%"
"27-09-2024","38,646.95","38,646.95","38,646.95","38,646.95","","-0.03%"
"26-09-2024","38,658.58","38,658.58","38,658.58","38,658.58","","0.52%"
"25-09-2024","38,460.31","38,460.31","38,460.31","38,460.31","","-0.07%"
"24-09-2024","38,488.87","38,488.87","38,488.87","38,488.87","","0.04%"
"23-09-2024","38,472.29","38,472.29","38,472.29","38,472.29","","0.77%"
"20-09-2024","38,179.29","38,179.29","38,179.29","38,179.29","","1.43%"
"19-09-2024","37,642.28","37,642.28","37,642.28","37,642.28","","-0.19%"
"18-09-2024","37,712.14","37,712.14","37,712.14","37,712.14","","-0.30%"
"17-09-2024","37,824.52","37,824.52","37,824.52","37,824.52","","0.01%"
"16-09-2024","37,821.03","37,821.03","37,821.03","37,821.03","","0.17%"
"13-09-2024","37,757.92","37,757.92","37,757.92","37,757.92","","0.09%"
"12-09-2024","37,724.21","37,724.21","37,724.21","37,724.21","","1.60%"
"11-09-2024","37,130.71","37,130.71","37,130.71","37,130.71","","-0.47%"
"10-09-2024","37,307.88","37,307.88","37,307.88","37,307.88","","0.60%"
"09-09-2024","37,084.59","37,084.59","37,084.59","37,084.59","","0.11%"
"06-09-2024","37,045.67","37,045.67","37,045.67","37,045.67","","-1.20%"
"05-09-2024","37,494.75","37,494.75","37,494.75","37,494.75","","0.06%"
"04-09-2024","37,472.70","37,472.70","37,472.70","37,472.70","","-0.17%"
"03-09-2024","37,535.12","37,535.12","37,535.12","37,535.12","","0.12%"
"02-09-2024","37,491.24","37,491.24","37,491.24","37,491.24","","0.11%"
"30-08-2024","37,449.92","37,449.92","37,449.92","37,449.92","","0.44%"
"29-08-2024","37,285.57","37,285.57","37,285.57","37,285.57","","0.07%"
"28-08-2024","37,261.15","37,261.15","37,261.15","37,261.15","","0.05%"
"27-08-2024","37,243.60","37,243.60","37,243.60","37,243.60","","0.18%"
"26-08-2024","37,175.56","37,175.56","37,175.56","37,175.56","","0.61%"
"23-08-2024","36,949.74","36,949.74","36,949.74","36,949.74","","-0.08%"
"22-08-2024","36,980.53","36,980.53","36,980.53","36,980.53","","0.31%"
"21-08-2024","36,866.43","36,866.43","36,866.43","36,866.43","","0.38%"
"20-08-2024","36,726.55","36,726.55","36,726.55","36,726.55","","0.61%"
"19-08-2024","36,503.86","36,503.86","36,503.86","36,503.86","","0.38%"
"16-08-2024","36,365.97","36,365.97","36,365.97","36,365.97","","1.71%"
"14-08-2024","35,754.30","35,754.30","35,754.30","35,754.30","","-0.14%"
"13-08-2024","35,804.66","35,804.66","35,804.66","35,804.66","","-0.92%"
"12-08-2024","36,135.49","36,135.49","36,135.49","36,135.49","","0.01%"
"09-08-2024","36,133.36","36,133.36","36,133.36","36,133.36","","0.97%"
"08-08-2024","35,786.64","35,786.64","35,786.64","35,786.64","","-0.63%"
"07-08-2024","36,012.32","36,012.32","36,012.32","36,012.32","","1.83%"
"06-08-2024","35,364.14","35,364.14","35,364.14","35,364.14","","-0.44%"
"05-08-2024","35,519.50","35,519.50","35,519.50","35,519.50","","-3.08%"
"02-08-2024","36,647.21","36,647.21","36,647.21","36,647.21","","-1.03%"
"01-08-2024","37,029.53","37,029.53","37,029.53","37,029.53","","-0.10%"
"31-07-2024","37,066.08","37,066.08","37,066.08","37,066.08","","0.39%"
"30-07-2024","36,923.23","36,923.23","36,923.23","36,923.23","","0.20%"
"29-07-2024","36,848.02","36,848.02","36,848.02","36,848.02","","0.44%"
"26-07-2024","36,686.77","36,686.77","36,686.77","36,686.77","","1.64%"
"25-07-2024","36,094.83","36,094.83","36,094.83","36,094.83","","-0.02%"
"24-07-2024","36,101.16","36,101.16","36,101.16","36,101.16","","0.25%"
"23-07-2024","36,011.83","36,011.83","36,011.83","36,011.83","","-0.33%"
"22-07-2024","36,130.29","36,130.29","36,130.29","36,130.29","","0.39%"
"19-07-2024","35,989.82","35,989.82","35,989.82","35,989.82","","-1.52%"
"18-07-2024","36,546.20","36,546.20","36,546.20","36,546.20","","0.03%"
"16-07-2024","36,536.66","36,536.66","36,536.66","36,536.66","","-0.02%"
"15-07-2024","36,542.56","36,542.56","36,542.56","36,542.56","","0.50%"
"12-07-2024","36,362.30","36,362.30","36,362.30","36,362.30","","0.40%"
"11-07-2024","36,217.50","36,217.50","36,217.50","36,217.50","","0.12%"
"10-07-2024","36,173.97","36,173.97","36,173.97","36,173.97","","-0.39%"
"09-07-2024","36,314.78","36,314.78","36,314.78","36,314.78","","0.42%"
"08-07-2024","36,161.20","36,161.20","36,161.20","36,161.20","","-0.07%"
"05-07-2024","36,187.04","36,187.04","36,187.04","36,187.04","","1.38%"
"02-07-2024","35,693.16","35,693.16","35,693.16","35,693.16","","-0.22%"
"01-07-2024","35,771.61","35,771.61","35,771.61","35,771.61","","0.75%"
"28-06-2024","35,506.97","35,506.97","35,506.97","35,506.97","","0.56%"
"26-06-2024","35,308.41","35,308.41","35,308.41","35,308.41","","0.30%"
"25-06-2024","35,204.26","35,204.26","35,204.26","35,204.26","","0.37%"
"24-06-2024","35,075.14","35,075.14","35,075.14","35,075.14","","0.24%"
"21-06-2024","34,991.85","34,991.85","34,991.85","34,991.85","","-0.30%"
"20-06-2024","35,096.03","35,096.03","35,096.03","35,096.03","","0.38%"
"19-06-2024","34,963.41","34,963.41","34,963.41","34,963.41","","-0.47%"
"18-06-2024","35,127.10","35,127.10","35,127.10","35,127.10","","0.52%"
"14-06-2024","34,943.92","34,943.92","34,943.92","34,943.92","","0.66%"
"13-06-2024","34,715.59","34,715.59","34,715.59","34,715.59","","0.52%"
"12-06-2024","34,536.95","34,536.95","34,536.95","34,536.95","","0.72%"
"10-06-2024","34,291.15","34,291.15","34,291.15","34,291.15","","0.20%"
"07-06-2024","34,221.81","34,221.81","34,221.81","34,221.81","","3.37%"
"06-06-2024","33,104.99","33,104.99","33,104.99","33,104.99","","0.00%"
"05-06-2024","33,104.99","33,104.99","33,104.99","33,104.99","","3.59%"
"04-06-2024","31,956.22","31,956.22","31,956.22","31,956.22","","-3.65%"
"31-05-2024","33,168.20","33,168.20","33,168.20","33,168.20","","0.37%"
"30-05-2024","33,045.31","33,045.31","33,045.31","33,045.31","","-1.02%"
"29-05-2024","33,387.37","33,387.37","33,387.37","33,387.37","","-0.61%"
"28-05-2024","33,593.17","33,593.17","33,593.17","33,593.17","","-0.49%"
"27-05-2024","33,759.03","33,759.03","33,759.03","33,759.03","","0.04%"
"24-05-2024","33,744.48","33,744.48","33,744.48","33,744.48","","-0.02%"
"23-05-2024","33,752.67","33,752.67","33,752.67","33,752.67","","1.19%"
"22-05-2024","33,357.18","33,357.18","33,357.18","33,357.18","","0.27%"
"21-05-2024","33,266.91","33,266.91","33,266.91","33,266.91","","0.20%"
"18-05-2024","33,199.10","33,199.10","33,199.10","33,199.10","","0.38%"
"17-05-2024","33,073.63","33,073.63","33,073.63","33,073.63","","0.65%"
"16-05-2024","32,860.88","32,860.88","32,860.88","32,860.88","","1.20%"
"14-05-2024","32,469.95","32,469.95","32,469.95","32,469.95","","0.84%"
"13-05-2024","32,197.97","32,197.97","32,197.97","32,197.97","","0.91%"
"09-05-2024","31,908.53","31,908.53","31,908.53","31,908.53","","-1.74%"
"08-05-2024","32,473.36","32,473.36","32,473.36","32,473.36","","0.33%"
"07-05-2024","32,365.34","32,365.34","32,365.34","32,365.34","","-1.53%"
"03-05-2024","32,868.94","32,868.94","32,868.94","32,868.94","","-0.59%"
"02-05-2024","33,063.00","33,063.00","33,063.00","33,063.00","","0.41%"
"30-04-2024","32,927.38","32,927.38","32,927.38","32,927.38","","0.02%"
"26-04-2024","32,919.57","32,919.57","32,919.57","32,919.57","","0.60%"
"25-04-2024","32,724.61","32,724.61","32,724.61","32,724.61","","0.66%"
"24-04-2024","32,509.43","32,509.43","32,509.43","32,509.43","","0.38%"
"23-04-2024","32,387.08","32,387.08","32,387.08","32,387.08","","0.38%"
"22-04-2024","32,265.09","32,265.09","32,265.09","32,265.09","","0.93%"
"19-04-2024","31,967.61","31,967.61","31,967.61","31,967.61","","0.30%"
"18-04-2024","31,872.54","31,872.54","31,872.54","31,872.54","","-0.48%"
"16-04-2024","32,026.71","32,026.71","32,026.71","32,026.71","","-0.27%"
"15-04-2024","32,114.13","32,114.13","32,114.13","32,114.13","","-1.29%"
"12-04-2024","32,532.43","32,532.43","32,532.43","32,532.43","","-0.81%"
"10-04-2024","32,798.55","32,798.55","32,798.55","32,798.55","","0.60%"
"09-04-2024","32,603.32","32,603.32","32,603.32","32,603.32","","-0.14%"
"08-04-2024","32,647.88","32,647.88","32,647.88","32,647.88","","0.50%"
"05-04-2024","32,484.71","32,484.71","32,484.71","32,484.71","","0.24%"
"04-04-2024","32,405.59","32,405.59","32,405.59","32,405.59","","0.29%"
"03-04-2024","32,313.03","32,313.03","32,313.03","32,313.03","","0.17%"
"02-04-2024","32,256.66","32,256.66","32,256.66","32,256.66","","2.40%"
"27-03-2024","31,499.32","31,499.32","31,499.32","31,499.32","","0.47%"
"22-03-2024","31,353.21","31,353.21","31,353.21","31,353.21","","0.49%"
"21-03-2024","31,199.42","31,199.42","31,199.42","31,199.42","","1.35%"
"20-03-2024","30,783.19","30,783.19","30,783.19","30,783.19","","0.11%"
"19-03-2024","30,749.48","30,749.48","30,749.48","30,749.48","","-1.17%"
"18-03-2024","31,113.75","31,113.75","31,113.75","31,113.75","","-2.85%"
"16-03-2024","32,026.71","32,026.71","32,026.71","32,026.71","","3.03%"
"15-03-2024","31,085.07","31,085.07","31,085.07","31,085.07","","-0.46%"
"14-03-2024","31,227.76","31,227.76","31,227.76","31,227.76","","1.37%"
"13-03-2024","30,804.35","30,804.35","30,804.35","30,804.35","","-2.60%"
"12-03-2024","31,627.67","31,627.67","31,627.67","31,627.67","","-0.58%"
"11-03-2024","31,811.65","31,811.65","31,811.65","31,811.65","","-0.71%"
"07-03-2024","32,040.62","32,040.62","32,040.62","32,040.62","","0.27%"
"06-03-2024","31,953.91","31,953.91","31,953.91","31,953.91","","-0.01%"
"05-03-2024","31,957.10","31,957.10","31,957.10","31,957.10","","-0.24%"
"04-03-2024","32,035.51","32,035.51","32,035.51","32,035.51","","0.05%"
"02-03-2024","32,018.73","32,018.73","32,018.73","32,018.73","","0.35%"
"01-03-2024","31,906.58","31,906.58","31,906.58","31,906.58","","1.29%"
"29-02-2024","31,499.31","31,499.31","31,499.31","31,499.31","","0.35%"
"28-02-2024","31,390.09","31,390.09","31,390.09","31,390.09","","-1.34%"
"27-02-2024","31,817.30","31,817.30","31,817.30","31,817.30","","0.18%"
"26-02-2024","31,759.23","31,759.23","31,759.23","31,759.23","","-0.28%"
"23-02-2024","31,849.62","31,849.62","31,849.62","31,849.62","","0.15%"
"22-02-2024","31,802.39","31,802.39","31,802.39","31,802.39","","0.78%"
"21-02-2024","31,557.54","31,557.54","31,557.54","31,557.54","","-0.71%"
"20-02-2024","31,781.65","31,781.65","31,781.65","31,781.65","","0.17%"
"19-02-2024","31,728.70","31,728.70","31,728.70","31,728.70","","0.38%"
"16-02-2024","31,609.27","31,609.27","31,609.27","31,609.27","","0.65%"
"15-02-2024","31,403.73","31,403.73","31,403.73","31,403.73","","0.59%"
"14-02-2024","31,219.36","31,219.36","31,219.36","31,219.36","","0.71%"
"13-02-2024","31,000.76","31,000.76","31,000.76","31,000.76","","0.55%"
"12-02-2024","30,831.81","30,831.81","30,831.81","30,831.81","","-1.43%"
"09-02-2024","31,279.68","31,279.68","31,279.68","31,279.68","","-0.12%"
"08-02-2024","31,317.58","31,317.58","31,317.58","31,317.58","","-0.57%"
"07-02-2024","31,497.14","31,497.14","31,497.14","31,497.14","","0.38%"
"06-02-2024","31,378.02","31,378.02","31,378.02","31,378.02","","0.92%"
"05-02-2024","31,092.89","31,092.89","31,092.89","31,092.89","","-0.29%"
"02-02-2024","31,181.94","31,181.94","31,181.94","31,181.94","","0.68%"
"01-02-2024","30,972.56","30,972.56","30,972.56","30,972.56","","-0.12%"
"31-01-2024","31,011.17","31,011.17","31,011.17","31,011.17","","1.16%"
"30-01-2024","30,654.14","30,654.14","30,654.14","30,654.14","","-0.70%"
"29-01-2024","30,868.87","30,868.87","30,868.87","30,868.87","","1.64%"
"25-01-2024","30,369.59","30,369.59","30,369.59","30,369.59","","-0.30%"
"24-01-2024","30,460.23","30,460.23","30,460.23","30,460.23","","-0.77%"
"20-01-2024","30,696.16","30,696.16","30,696.16","30,696.16","","-0.02%"
"19-01-2024","30,703.17","30,703.17","30,703.17","30,703.17","","1.01%"
"18-01-2024","30,395.29","30,395.29","30,395.29","30,395.29","","-0.37%"
"17-01-2024","30,509.29","30,509.29","30,509.29","30,509.29","","-1.71%"
"16-01-2024","31,041.51","31,041.51","31,041.51","31,041.51","","-0.29%"
"15-01-2024","31,132.31","31,132.31","31,132.31","31,132.31","","0.71%"
"12-01-2024","30,913.19","30,913.19","30,913.19","30,913.19","","0.82%"
"11-01-2024","30,660.78","30,660.78","30,660.78","30,660.78","","0.34%"
"10-01-2024","30,556.65","30,556.65","30,556.65","30,556.65","","0.30%"
"09-01-2024","30,465.39","30,465.39","30,465.39","30,465.39","","0.22%"
"08-01-2024","30,399.86","30,399.86","30,399.86","30,399.86","","-0.88%"
"05-01-2024","30,670.51","30,670.51","30,670.51","30,670.51","","0.25%"
"04-01-2024","30,593.27","30,593.27","30,593.27","30,593.27","","0.90%"
"03-01-2024","30,320.70","30,320.70","30,320.70","30,320.70","","-0.26%"
"02-01-2024","30,400.92","30,400.92","30,400.92","30,400.92","","-0.06%"
"29-12-2023","30,417.80","30,417.80","30,417.80","30,417.80","","0.15%"
"28-12-2023","30,370.94","30,370.94","30,370.94","30,370.94","","0.53%"
"27-12-2023","30,210.78","30,210.78","30,210.78","30,210.78","","0.77%"
"26-12-2023","29,978.90","29,978.90","29,978.90","29,978.90","","0.49%"
"22-12-2023","29,831.49","29,831.49","29,831.49","29,831.49","","0.60%"
"21-12-2023","29,654.71","29,654.71","29,654.71","29,654.71","","0.86%"
"20-12-2023","29,400.59","29,400.59","29,400.59","29,400.59","","-2.03%"
"19-12-2023","30,010.85","30,010.85","30,010.85","30,010.85","","0.07%"
"18-12-2023","29,989.39","29,989.39","29,989.39","29,989.39","","0.05%"
"15-12-2023","29,972.97","29,972.97","29,972.97","29,972.97","","0.90%"
"14-12-2023","29,704.91","29,704.91","29,704.91","29,704.91","","1.19%"
"13-12-2023","29,356.39","29,356.39","29,356.39","29,356.39","","0.35%"
"12-12-2023","29,255.20","29,255.20","29,255.20","29,255.20","","-0.44%"
"11-12-2023","29,385.81","29,385.81","29,385.81","29,385.81","","0.36%"
"08-12-2023","29,281.34","29,281.34","29,281.34","29,281.34","","0.00%"
"07-12-2023","29,281.91","29,281.91","29,281.91","29,281.91","","0.13%"
"06-12-2023","29,244.57","29,244.57","29,244.57","29,244.57","","0.49%"
"05-12-2023","29,101.40","29,101.40","29,101.40","29,101.40","","0.76%"
"04-12-2023","28,882.17","28,882.17","28,882.17","28,882.17","","1.84%"
"01-12-2023","28,360.55","28,360.55","28,360.55","28,360.55","","0.71%"
"30-11-2023","28,161.16","28,161.16","28,161.16","28,161.16","","0.47%"
"29-11-2023","28,029.82","28,029.82","28,029.82","28,029.82","","0.91%"
"28-11-2023","27,775.75","27,775.75","27,775.75","27,775.75","","0.56%"
"24-11-2023","27,621.90","27,621.90","27,621.90","27,621.90","","0.03%"
"23-11-2023","27,614.05","27,614.05","27,614.05","27,614.05","","0.07%"
"22-11-2023","27,595.66","27,595.66","27,595.66","27,595.66","","0.00%"
"21-11-2023","27,594.87","27,594.87","27,594.87","27,594.87","","0.31%"
"20-11-2023","27,510.09","27,510.09","27,510.09","27,510.09","","-0.15%"
"17-11-2023","27,551.74","27,551.74","27,551.74","27,551.74","","0.05%"
"16-11-2023","27,539.17","27,539.17","27,539.17","27,539.17","","0.50%"
"15-11-2023","27,402.22","27,402.22","27,402.22","27,402.22","","1.10%"
"13-11-2023","27,105.14","27,105.14","27,105.14","27,105.14","","-0.24%"
"12-11-2023","27,170.84","27,170.84","27,170.84","27,170.84","","0.61%"
"10-11-2023","27,007.31","27,007.31","27,007.31","27,007.31","","0.22%"
"09-11-2023","26,947.40","26,947.40","26,947.40","26,947.40","","-0.23%"
"08-11-2023","27,010.76","27,010.76","27,010.76","27,010.76","","0.42%"
"07-11-2023","26,897.88","26,897.88","26,897.88","26,897.88","","0.17%"
"06-11-2023","26,852.91","26,852.91","26,852.91","26,852.91","","0.94%"
"03-11-2023","26,603.20","26,603.20","26,603.20","26,603.20","","0.66%"
"02-11-2023","26,428.25","26,428.25","26,428.25","26,428.25","","0.96%"
"01-11-2023","26,176.34","26,176.34","26,176.34","26,176.34","","-0.40%"
"31-10-2023","26,281.76","26,281.76","26,281.76","26,281.76","","-0.15%"
"30-10-2023","26,320.74","26,320.74","26,320.74","26,320.74","","0.36%"
"27-10-2023","26,225.88","26,225.88","26,225.88","26,225.88","","1.27%"
"26-10-2023","25,896.34","25,896.34","25,896.34","25,896.34","","-1.23%"
"25-10-2023","26,217.58","26,217.58","26,217.58","26,217.58","","-0.71%"
"23-10-2023","26,404.83","26,404.83","26,404.83","26,404.83","","-1.86%"
"20-10-2023","26,905.17","26,905.17","26,905.17","26,905.17","","-0.58%"
"19-10-2023","27,061.52","27,061.52","27,061.52","27,061.52","","-0.19%"
"18-10-2023","27,112.09","27,112.09","27,112.09","27,112.09","","-0.71%"
"17-10-2023","27,305.47","27,305.47","27,305.47","27,305.47","","0.43%"
"16-10-2023","27,188.68","27,188.68","27,188.68","27,188.68","","0.02%"
"13-10-2023","27,184.52","27,184.52","27,184.52","27,184.52","","-0.17%"
"12-10-2023","27,230.45","27,230.45","27,230.45","27,230.45","","0.07%"
"11-10-2023","27,211.10","27,211.10","27,211.10","27,211.10","","0.60%"
"10-10-2023","27,048.54","27,048.54","27,048.54","27,048.54","","1.03%"
"09-10-2023","26,773.95","26,773.95","26,773.95","26,773.95","","-0.96%"
"06-10-2023","27,033.29","27,033.29","27,033.29","27,033.29","","0.57%"
"05-10-2023","26,880.39","26,880.39","26,880.39","26,880.39","","0.42%"
"04-10-2023","26,766.76","26,766.76","26,766.76","26,766.76","","-0.76%"
"03-10-2023","26,972.02","26,972.02","26,972.02","26,972.02","","-0.22%"
"29-09-2023","27,031.74","27,031.74","27,031.74","27,031.74","","0.71%"
"28-09-2023","26,840.81","26,840.81","26,840.81","26,840.81","","-0.98%"
"27-09-2023","27,107.39","27,107.39","27,107.39","27,107.39","","0.40%"
"25-09-2023","26,999.45","26,999.45","26,999.45","26,999.45","","0.07%"
"22-09-2023","26,981.05","26,981.05","26,981.05","26,981.05","","-0.25%"
"21-09-2023","27,047.52","27,047.52","27,047.52","27,047.52","","-0.84%"
"20-09-2023","27,275.34","27,275.34","27,275.34","27,275.34","","-0.93%"
"18-09-2023","27,531.77","27,531.77","27,531.77","27,531.77","","-0.29%"
"15-09-2023","27,612.99","27,612.99","27,612.99","27,612.99","","0.36%"
"14-09-2023","27,515.02","27,515.02","27,515.02","27,515.02","","0.44%"
"13-09-2023","27,394.90","27,394.90","27,394.90","27,394.90","","0.38%"
"12-09-2023","27,291.38","27,291.38","27,291.38","27,291.38","","-1.09%"
"11-09-2023","27,592.63","27,592.63","27,592.63","27,592.63","","0.95%"
"08-09-2023","27,333.04","27,333.04","27,333.04","27,333.04","","0.59%"
"07-09-2023","27,173.35","27,173.35","27,173.35","27,173.35","","0.58%"
"06-09-2023","27,015.63","27,015.63","27,015.63","27,015.63","","0.19%"
"05-09-2023","26,964.77","26,964.77","26,964.77","26,964.77","","0.41%"
"04-09-2023","26,853.57","26,853.57","26,853.57","26,853.57","","0.62%"
"01-09-2023","26,687.23","26,687.23","26,687.23","26,687.23","","0.89%"
"31-08-2023","26,451.77","26,451.77","26,451.77","26,451.77","","-0.26%"
"30-08-2023","26,521.52","26,521.52","26,521.52","26,521.52","","0.25%"
"29-08-2023","26,456.41","26,456.41","26,456.41","26,456.41","","0.31%"
"28-08-2023","26,374.96","26,374.96","26,374.96","26,374.96","","0.32%"
"25-08-2023","26,289.91","26,289.91","26,289.91","26,289.91","","-0.64%"
"24-08-2023","26,459.92","26,459.92","26,459.92","26,459.92","","-0.12%"
"23-08-2023","26,491.09","26,491.09","26,491.09","26,491.09","","0.27%"
"22-08-2023","26,420.68","26,420.68","26,420.68","26,420.68","","0.32%"
"21-08-2023","26,337.03","26,337.03","26,337.03","26,337.03","","0.59%"
"18-08-2023","26,183.37","26,183.37","26,183.37","26,183.37","","-0.25%"
"17-08-2023","26,249.46","26,249.46","26,249.46","26,249.46","","-0.30%"
"16-08-2023","26,328.16","26,328.16","26,328.16","26,328.16","","0.16%"
"14-08-2023","26,285.20","26,285.20","26,285.20","26,285.20","","-0.19%"
"11-08-2023","26,335.87","26,335.87","26,335.87","26,335.87","","-0.44%"
"10-08-2023","26,451.46","26,451.46","26,451.46","26,451.46","","-0.38%"
"09-08-2023","26,551.16","26,551.16","26,551.16","26,551.16","","0.36%"
"08-08-2023","26,454.63","26,454.63","26,454.63","26,454.63","","-0.04%"
"07-08-2023","26,465.57","26,465.57","26,465.57","26,465.57","","0.39%"
"04-08-2023","26,362.94","26,362.94","26,362.94","26,362.94","","0.71%"
"03-08-2023","26,176.98","26,176.98","26,176.98","26,176.98","","-0.50%"
"02-08-2023","26,308.16","26,308.16","26,308.16","26,308.16","","-1.10%"
"01-08-2023","26,600.66","26,600.66","26,600.66","26,600.66","","-0.04%"
"31-07-2023","26,612.52","26,612.52","26,612.52","26,612.52","","0.65%"
"28-07-2023","26,439.89","26,439.89","26,439.89","26,439.89","","0.19%"
"27-07-2023","26,390.08","26,390.08","26,390.08","26,390.08","","-0.32%"
"26-07-2023","26,474.86","26,474.86","26,474.86","26,474.86","","0.46%"
"25-07-2023","26,352.58","26,352.58","26,352.58","26,352.58","","0.19%"
"24-07-2023","26,302.90","26,302.90","26,302.90","26,302.90","","-0.23%"
"21-07-2023","26,363.76","26,363.76","26,363.76","26,363.76","","-0.80%"
"20-07-2023","26,576.66","26,576.66","26,576.66","26,576.66","","0.54%"
"19-07-2023","26,433.69","26,433.69","26,433.69","26,433.69","","0.48%"
"18-07-2023","26,306.44","26,306.44","26,306.44","26,306.44","","0.00%"
"17-07-2023","26,306.40","26,306.40","26,306.40","26,306.40","","0.64%"
"14-07-2023","26,140.06","26,140.06","26,140.06","26,140.06","","0.87%"
"13-07-2023","25,915.16","25,915.16","25,915.16","25,915.16","","-0.10%"
"12-07-2023","25,941.03","25,941.03","25,941.03","25,941.03","","-0.04%"
"11-07-2023","25,951.75","25,951.75","25,951.75","25,951.75","","0.58%"
"10-07-2023","25,802.98","25,802.98","25,802.98","25,802.98","","-0.06%"
"07-07-2023","25,819.68","25,819.68","25,819.68","25,819.68","","-0.77%"
"06-07-2023","26,019.50","26,019.50","26,019.50","26,019.50","","0.59%"
"05-07-2023","25,866.77","25,866.77","25,866.77","25,866.77","","0.25%"
"04-07-2023","25,802.39","25,802.39","25,802.39","25,802.39","","0.17%"
"03-07-2023","25,758.55","25,758.55","25,758.55","25,758.55","","0.60%"
"30-06-2023","25,605.81","25,605.81","25,605.81","25,605.81","","0.95%"
"28-06-2023","25,365.60","25,365.60","25,365.60","25,365.60","","0.70%"
"27-06-2023","25,188.25","25,188.25","25,188.25","25,188.25","","0.61%"
"26-06-2023","25,036.52","25,036.52","25,036.52","25,036.52","","0.34%"
"23-06-2023","24,951.37","24,951.37","24,951.37","24,951.37","","-0.80%"
"22-06-2023","25,151.71","25,151.71","25,151.71","25,151.71","","-0.62%"
"21-06-2023","25,307.38","25,307.38","25,307.38","25,307.38","","0.26%"
"20-06-2023","25,242.91","25,242.91","25,242.91","25,242.91","","0.36%"
"19-06-2023","25,152.76","25,152.76","25,152.76","25,152.76","","-0.23%"
"16-06-2023","25,210.05","25,210.05","25,210.05","25,210.05","","0.77%"
"15-06-2023","25,016.49","25,016.49","25,016.49","25,016.49","","-0.14%"
"14-06-2023","25,051.74","25,051.74","25,051.74","25,051.74","","0.23%"
"13-06-2023","24,995.38","24,995.38","24,995.38","24,995.38","","0.75%"
"12-06-2023","24,809.86","24,809.86","24,809.86","24,809.86","","0.33%"
"09-06-2023","24,728.83","24,728.83","24,728.83","24,728.83","","-0.26%"
"08-06-2023","24,794.46","24,794.46","24,794.46","24,794.46","","-0.53%"
"07-06-2023","24,927.81","24,927.81","24,927.81","24,927.81","","0.81%"
"06-06-2023","24,727.42","24,727.42","24,727.42","24,727.42","","0.12%"
"05-06-2023","24,698.02","24,698.02","24,698.02","24,698.02","","0.31%"
"02-06-2023","24,622.76","24,622.76","24,622.76","24,622.76","","0.38%"
"01-06-2023","24,528.90","24,528.90","24,528.90","24,528.90","","-0.04%"
"31-05-2023","24,538.09","24,538.09","24,538.09","24,538.09","","-0.17%"
"30-05-2023","24,580.88","24,580.88","24,580.88","24,580.88","","0.17%"
"29-05-2023","24,538.66","24,538.66","24,538.66","24,538.66","","0.48%"
"26-05-2023","24,420.97","24,420.97","24,420.97","24,420.97","","0.91%"
"25-05-2023","24,200.87","24,200.87","24,200.87","24,200.87","","0.25%"
"24-05-2023","24,139.55","24,139.55","24,139.55","24,139.55","","-0.18%"
"23-05-2023","24,184.07","24,184.07","24,184.07","24,184.07","","0.26%"
"22-05-2023","24,120.68","24,120.68","24,120.68","24,120.68","","0.63%"
"19-05-2023","23,970.65","23,970.65","23,970.65","23,970.65","","0.31%"
"18-05-2023","23,897.44","23,897.44","23,897.44","23,897.44","","-0.42%"
"17-05-2023","23,998.15","23,998.15","23,998.15","23,998.15","","-0.43%"
"16-05-2023","24,100.95","24,100.95","24,100.95","24,100.95","","-0.23%"
"15-05-2023","24,157.41","24,157.41","24,157.41","24,157.41","","0.47%"
"12-05-2023","24,044.99","24,044.99","24,044.99","24,044.99","","-0.04%"
"11-05-2023","24,055.22","24,055.22","24,055.22","24,055.22","","0.12%"
"10-05-2023","24,027.20","24,027.20","24,027.20","24,027.20","","0.30%"
"09-05-2023","23,956.36","23,956.36","23,956.36","23,956.36","","-0.04%"
"08-05-2023","23,966.42","23,966.42","23,966.42","23,966.42","","0.97%"
"05-05-2023","23,735.76","23,735.76","23,735.76","23,735.76","","-0.82%"
"04-05-2023","23,932.90","23,932.90","23,932.90","23,932.90","","0.85%"
"03-05-2023","23,732.29","23,732.29","23,732.29","23,732.29","","-0.16%"
"02-05-2023","23,770.12","23,770.12","23,770.12","23,770.12","","0.53%"
"28-04-2023","23,643.94","23,643.94","23,643.94","23,643.94","","0.97%"
"27-04-2023","23,415.66","23,415.66","23,415.66","23,415.66","","0.54%"
"26-04-2023","23,290.30","23,290.30","23,290.30","23,290.30","","0.26%"
"25-04-2023","23,230.20","23,230.20","23,230.20","23,230.20","","0.17%"
"24-04-2023","23,190.50","23,190.50","23,190.50","23,190.50","","0.56%"
"21-04-2023","23,061.48","23,061.48","23,061.48","23,061.48","","-0.10%"
"20-04-2023","23,083.44","23,083.44","23,083.44","23,083.44","","0.03%"
"19-04-2023","23,075.89","23,075.89","23,075.89","23,075.89","","-0.27%"
"18-04-2023","23,138.20","23,138.20","23,138.20","23,138.20","","-0.05%"
"17-04-2023","23,149.56","23,149.56","23,149.56","23,149.56","","-0.33%"
"13-04-2023","23,227.12","23,227.12","23,227.12","23,227.12","","0.09%"
"12-04-2023","23,205.72","23,205.72","23,205.72","23,205.72","","0.50%"
"11-04-2023","23,090.27","23,090.27","23,090.27","23,090.27","","0.52%"
"10-04-2023","22,970.96","22,970.96","22,970.96","22,970.96","","0.21%"
"06-04-2023","22,922.21","22,922.21","22,922.21","22,922.21","","0.34%"
"05-04-2023","22,844.93","22,844.93","22,844.93","22,844.93","","0.74%"
"03-04-2023","22,678.03","22,678.03","22,678.03","22,678.03","","0.30%"
"31-03-2023","22,609.54","22,609.54","22,609.54","22,609.54","","1.48%"
"29-03-2023","22,279.71","22,279.71","22,279.71","22,279.71","","0.94%"
"28-03-2023","22,071.73","22,071.73","22,071.73","22,071.73","","-0.36%"
"27-03-2023","22,150.83","22,150.83","22,150.83","22,150.83","","-0.11%"
"24-03-2023","22,176.11","22,176.11","22,176.11","22,176.11","","-0.86%"
"23-03-2023","22,368.83","22,368.83","22,368.83","22,368.83","","-0.39%"
"22-03-2023","22,456.46","22,456.46","22,456.46","22,456.46","","0.34%"
"21-03-2023","22,380.86","22,380.86","22,380.86","22,380.86","","0.66%"
"20-03-2023","22,234.47","22,234.47","22,234.47","22,234.47","","-0.72%"
"17-03-2023","22,395.26","22,395.26","22,395.26","22,395.26","","0.63%"
"16-03-2023","22,254.68","22,254.68","22,254.68","22,254.68","","0.07%"
"15-03-2023","22,238.83","22,238.83","22,238.83","22,238.83","","-0.27%"
"14-03-2023","22,298.04","22,298.04","22,298.04","22,298.04","","-0.66%"
"13-03-2023","22,446.97","22,446.97","22,446.97","22,446.97","","-1.54%"
"10-03-2023","22,797.01","22,797.01","22,797.01","22,797.01","","-0.84%"
"09-03-2023","22,989.73","22,989.73","22,989.73","22,989.73","","-0.79%"
"08-03-2023","23,172.99","23,172.99","23,172.99","23,172.99","","0.28%"
"06-03-2023","23,108.97","23,108.97","23,108.97","23,108.97","","0.72%"
"03-03-2023","22,943.96","22,943.96","22,943.96","22,943.96","","1.29%"
"02-03-2023","22,652.74","22,652.74","22,652.74","22,652.74","","-0.53%"
"01-03-2023","22,773.28","22,773.28","22,773.28","22,773.28","","1.01%"
"28-02-2023","22,546.35","22,546.35","22,546.35","22,546.35","","-0.21%"
"27-02-2023","22,592.89","22,592.89","22,592.89","22,592.89","","-0.56%"
"24-02-2023","22,719.84","22,719.84","22,719.84","22,719.84","","-0.25%"
"23-02-2023","22,775.81","22,775.81","22,775.81","22,775.81","","-0.24%"
"22-02-2023","22,830.35","22,830.35","22,830.35","22,830.35","","-1.42%"
"21-02-2023","23,158.96","23,158.96","23,158.96","23,158.96","","-0.16%"
"20-02-2023","23,197.00","23,197.00","23,197.00","23,197.00","","-0.43%"
"17-02-2023","23,298.25","23,298.25","23,298.25","23,298.25","","-0.52%"
"16-02-2023","23,420.94","23,420.94","23,420.94","23,420.94","","0.29%"
"15-02-2023","23,352.25","23,352.25","23,352.25","23,352.25","","0.52%"
"14-02-2023","23,231.75","23,231.75","23,231.75","23,231.75","","0.46%"
"13-02-2023","23,125.41","23,125.41","23,125.41","23,125.41","","-0.77%"
"10-02-2023","23,304.12","23,304.12","23,304.12","23,304.12","","-0.09%"
"09-02-2023","23,325.42","23,325.42","23,325.42","23,325.42","","0.01%"
"08-02-2023","23,322.64","23,322.64","23,322.64","23,322.64","","0.85%"
"07-02-2023","23,125.02","23,125.02","23,125.02","23,125.02","","-0.21%"
"06-02-2023","23,174.09","23,174.09","23,174.09","23,174.09","","-0.19%"
"03-02-2023","23,217.58","23,217.58","23,217.58","23,217.58","","0.83%"
"02-02-2023","23,026.24","23,026.24","23,026.24","23,026.24","","-0.05%"
"01-02-2023","23,038.80","23,038.80","23,038.80","23,038.80","","-0.59%"
"31-01-2023","23,175.05","23,175.05","23,175.05","23,175.05","","0.55%"
"30-01-2023","23,048.29","23,048.29","23,048.29","23,048.29","","-0.14%"
"27-01-2023","23,080.08","23,080.08","23,080.08","23,080.08","","-1.96%"
"25-01-2023","23,541.16","23,541.16","23,541.16","23,541.16","","-1.41%"
"24-01-2023","23,876.66","23,876.66","23,876.66","23,876.66","","-0.09%"
"23-01-2023","23,899.01","23,899.01","23,899.01","23,899.01","","0.36%"
"20-01-2023","23,813.19","23,813.19","23,813.19","23,813.19","","-0.47%"
"19-01-2023","23,924.61","23,924.61","23,924.61","23,924.61","","-0.29%"
"18-01-2023","23,994.91","23,994.91","23,994.91","23,994.91","","0.46%"
"17-01-2023","23,885.99","23,885.99","23,885.99","23,885.99","","0.33%"
"16-01-2023","23,808.34","23,808.34","23,808.34","23,808.34","","0.00%"
"13-01-2023","23,808.34","23,808.34","23,808.34","23,808.34","","0.29%"
"12-01-2023","23,738.93","23,738.93","23,738.93","23,738.93","","0.00%"
"11-01-2023","23,738.93","23,738.93","23,738.93","23,738.93","","-0.16%"
"10-01-2023","23,775.95","23,775.95","23,775.95","23,775.95","","0.35%"
"09-01-2023","23,693.33","23,693.33","23,693.33","23,693.33","","0.00%"
"06-01-2023","23,693.33","23,693.33","23,693.33","23,693.33","","-0.74%"
"05-01-2023","23,870.50","23,870.50","23,870.50","23,870.50","","-0.04%"
"04-01-2023","23,881.12","23,881.12","23,881.12","23,881.12","","-1.06%"
"03-01-2023","24,136.79","24,136.79","24,136.79","24,136.79","","0.22%"
"02-01-2023","24,083.14","24,083.14","24,083.14","24,083.14","","0.48%"
"30-12-2022","23,967.12","23,967.12","23,967.12","23,967.12","","-0.23%"
"29-12-2022","24,023.53","24,023.53","24,023.53","24,023.53","","0.34%"
"28-12-2022","23,942.23","23,942.23","23,942.23","23,942.23","","0.09%"
"27-12-2022","23,919.81","23,919.81","23,919.81","23,919.81","","0.78%"
"26-12-2022","23,733.97","23,733.97","23,733.97","23,733.97","","1.68%"
"23-12-2022","23,342.13","23,342.13","23,342.13","23,342.13","","-2.50%"
"22-12-2022","23,940.18","23,940.18","23,940.18","23,940.18","","-0.62%"
"21-12-2022","24,089.23","24,089.23","24,089.23","24,089.23","","-1.26%"
"20-12-2022","24,397.44","24,397.44","24,397.44","24,397.44","","-0.18%"
"19-12-2022","24,442.38","24,442.38","24,442.38","24,442.38","","0.76%"
"16-12-2022","24,258.00","24,258.00","24,258.00","24,258.00","","-0.93%"
"15-12-2022","24,486.80","24,486.80","24,486.80","24,486.80","","-1.13%"
"14-12-2022","24,765.99","24,765.99","24,765.99","24,765.99","","0.37%"
"13-12-2022","24,673.99","24,673.99","24,673.99","24,673.99","","0.48%"
"12-12-2022","24,555.31","24,555.31","24,555.31","24,555.31","","0.10%"
"09-12-2022","24,531.62","24,531.62","24,531.62","24,531.62","","-0.62%"
"08-12-2022","24,684.18","24,684.18","24,684.18","24,684.18","","0.31%"
"07-12-2022","24,608.00","24,608.00","24,608.00","24,608.00","","-0.38%"
"06-12-2022","24,702.36","24,702.36","24,702.36","24,702.36","","-0.28%"
"05-12-2022","24,771.15","24,771.15","24,771.15","24,771.15","","0.02%"
"02-12-2022","24,765.44","24,765.44","24,765.44","24,765.44","","-0.25%"
"01-12-2022","24,828.21","24,828.21","24,828.21","24,828.21","","0.36%"
"30-11-2022","24,738.49","24,738.49","24,738.49","24,738.49","","0.85%"
"29-11-2022","24,531.13","24,531.13","24,531.13","24,531.13","","0.18%"
"28-11-2022","24,487.63","24,487.63","24,487.63","24,487.63","","0.36%"
"25-11-2022","24,398.91","24,398.91","24,398.91","24,398.91","","0.30%"
"24-11-2022","24,326.89","24,326.89","24,326.89","24,326.89","","0.92%"
"23-11-2022","24,105.44","24,105.44","24,105.44","24,105.44","","0.19%"
"22-11-2022","24,060.50","24,060.50","24,060.50","24,060.50","","-0.26%"
"18-11-2022","24,124.30","24,124.30","24,124.30","24,124.30","","-0.29%"
"17-11-2022","24,195.57","24,195.57","24,195.57","24,195.57","","-0.42%"
"16-11-2022","24,297.65","24,297.65","24,297.65","24,297.65","","-0.19%"
"15-11-2022","24,345.02","24,345.02","24,345.02","24,345.02","","0.28%"
"14-11-2022","24,277.12","24,277.12","24,277.12","24,277.12","","0.01%"
"11-11-2022","24,275.37","24,275.37","24,275.37","24,275.37","","1.35%"
"10-11-2022","23,950.94","23,950.94","23,950.94","23,950.94","","-0.82%"
"09-11-2022","24,148.28","24,148.28","24,148.28","24,148.28","","-0.30%"
"07-11-2022","24,220.28","24,220.28","24,220.28","24,220.28","","0.54%"
"04-11-2022","24,089.43","24,089.43","24,089.43","24,089.43","","0.30%"
"03-11-2022","24,017.67","24,017.67","24,017.67","24,017.67","","-0.08%"
"02-11-2022","24,037.05","24,037.05","24,037.05","24,037.05","","-0.26%"
"01-11-2022","24,098.84","24,098.84","24,098.84","24,098.84","","0.75%"
"31-10-2022","23,919.76","23,919.76","23,919.76","23,919.76","","1.21%"
"28-10-2022","23,634.83","23,634.83","23,634.83","23,634.83","","-0.02%"
"27-10-2022","23,638.82","23,638.82","23,638.82","23,638.82","","0.62%"
"25-10-2022","23,492.95","23,492.95","23,492.95","23,492.95","","-0.27%"
"24-10-2022","23,555.80","23,555.80","23,555.80","23,555.80","","0.78%"
"21-10-2022","23,373.43","23,373.43","23,373.43","23,373.43","","-0.20%"
"20-10-2022","23,421.44","23,421.44","23,421.44","23,421.44","","0.29%"
"19-10-2022","23,354.01","23,354.01","23,354.01","23,354.01","","0.09%"
"18-10-2022","23,333.17","23,333.17","23,333.17","23,333.17","","1.01%"
"17-10-2022","23,100.15","23,100.15","23,100.15","23,100.15","","0.62%"
"14-10-2022","22,957.38","22,957.38","22,957.38","22,957.38","","0.58%"
"13-10-2022","22,825.98","22,825.98","22,825.98","22,825.98","","-0.67%"
"12-10-2022","22,980.40","22,980.40","22,980.40","22,980.40","","0.73%"
"11-10-2022","22,812.98","22,812.98","22,812.98","22,812.98","","-1.54%"
"10-10-2022","23,168.98","23,168.98","23,168.98","23,168.98","","-0.57%"
"07-10-2022","23,300.77","23,300.77","23,300.77","23,300.77","","-0.11%"
"06-10-2022","23,326.09","23,326.09","23,326.09","23,326.09","","0.58%"
"04-10-2022","23,190.95","23,190.95","23,190.95","23,190.95","","2.24%"
"03-10-2022","22,683.76","22,683.76","22,683.76","22,683.76","","-1.29%"
"30-09-2022","22,979.45","22,979.45","22,979.45","22,979.45","","1.55%"
"29-09-2022","22,627.96","22,627.96","22,627.96","22,627.96","","-0.12%"
"28-09-2022","22,656.00","22,656.00","22,656.00","22,656.00","","-0.72%"
"27-09-2022","22,821.33","22,821.33","22,821.33","22,821.33","","0.01%"
"26-09-2022","22,818.87","22,818.87","22,818.87","22,818.87","","-2.20%"
"23-09-2022","23,333.25","23,333.25","23,333.25","23,333.25","","-1.81%"
"22-09-2022","23,763.44","23,763.44","23,763.44","23,763.44","","-0.16%"
"21-09-2022","23,802.29","23,802.29","23,802.29","23,802.29","","-0.70%"
"20-09-2022","23,971.12","23,971.12","23,971.12","23,971.12","","1.16%"
"19-09-2022","23,696.71","23,696.71","23,696.71","23,696.71","","0.33%"
"16-09-2022","23,618.75","23,618.75","23,618.75","23,618.75","","-2.16%"
"15-09-2022","24,139.94","24,139.94","24,139.94","24,139.94","","-0.31%"
"14-09-2022","24,215.82","24,215.82","24,215.82","24,215.82","","-0.25%"
"13-09-2022","24,276.42","24,276.42","24,276.42","24,276.42","","0.59%"
"12-09-2022","24,133.13","24,133.13","24,133.13","24,133.13","","0.71%"
"09-09-2022","23,962.62","23,962.62","23,962.62","23,962.62","","0.17%"
"08-09-2022","23,921.00","23,921.00","23,921.00","23,921.00","","0.79%"
"07-09-2022","23,732.85","23,732.85","23,732.85","23,732.85","","0.04%"
"06-09-2022","23,722.71","23,722.71","23,722.71","23,722.71","","0.12%"
"05-09-2022","23,693.79","23,693.79","23,693.79","23,693.79","","0.61%"
"02-09-2022","23,550.07","23,550.07","23,550.07","23,550.07","","-0.06%"
"01-09-2022","23,564.70","23,564.70","23,564.70","23,564.70","","-0.74%"
"30-08-2022","23,740.37","23,740.37","23,740.37","23,740.37","","2.35%"
"29-08-2022","23,194.58","23,194.58","23,194.58","23,194.58","","-1.15%"
"26-08-2022","23,465.33","23,465.33","23,465.33","23,465.33","","0.31%"
"25-08-2022","23,392.71","23,392.71","23,392.71","23,392.71","","-0.26%"
"24-08-2022","23,453.99","23,453.99","23,453.99","23,453.99","","0.33%"
"23-08-2022","23,376.55","23,376.55","23,376.55","23,376.55","","0.59%"
"22-08-2022","23,238.86","23,238.86","23,238.86","23,238.86","","-1.54%"
"19-08-2022","23,602.41","23,602.41","23,602.41","23,602.41","","-1.07%"
"18-08-2022","23,858.77","23,858.77","23,858.77","23,858.77","","0.21%"
"17-08-2022","23,809.95","23,809.95","23,809.95","23,809.95","","0.65%"
"16-08-2022","23,657.00","23,657.00","23,657.00","23,657.00","","0.92%"
"12-08-2022","23,440.39","23,440.39","23,440.39","23,440.39","","0.30%"
"11-08-2022","23,369.29","23,369.29","23,369.29","23,369.29","","0.77%"
"10-08-2022","23,191.70","23,191.70","23,191.70","23,191.70","","-0.04%"
"08-08-2022","23,199.97","23,199.97","23,199.97","23,199.97","","0.66%"
"05-08-2022","23,048.31","23,048.31","23,048.31","23,048.31","","0.05%"
"04-08-2022","23,035.97","23,035.97","23,035.97","23,035.97","","0.10%"
"03-08-2022","23,012.66","23,012.66","23,012.66","23,012.66","","0.02%"
"02-08-2022","23,008.71","23,008.71","23,008.71","23,008.71","","0.21%"
"01-08-2022","22,960.55","22,960.55","22,960.55","22,960.55","","1.24%"
"29-07-2022","22,678.29","22,678.29","22,678.29","22,678.29","","1.36%"
"28-07-2022","22,374.32","22,374.32","22,374.32","22,374.32","","1.45%"
"27-07-2022","22,053.68","22,053.68","22,053.68","22,053.68","","0.87%"
"26-07-2022","21,864.15","21,864.15","21,864.15","21,864.15","","-0.96%"
"25-07-2022","22,077.13","22,077.13","22,077.13","22,077.13","","-0.40%"
"22-07-2022","22,165.12","22,165.12","22,165.12","22,165.12","","0.45%"
"21-07-2022","22,064.83","22,064.83","22,064.83","22,064.83","","0.80%"
"20-07-2022","21,888.95","21,888.95","21,888.95","21,888.95","","0.80%"
"19-07-2022","21,714.15","21,714.15","21,714.15","21,714.15","","0.50%"
"18-07-2022","21,606.99","21,606.99","21,606.99","21,606.99","","1.41%"
"15-07-2022","21,306.94","21,306.94","21,306.94","21,306.94","","0.64%"
"14-07-2022","21,171.19","21,171.19","21,171.19","21,171.19","","-0.14%"
"13-07-2022","21,200.87","21,200.87","21,200.87","21,200.87","","-0.38%"
"12-07-2022","21,281.05","21,281.05","21,281.05","21,281.05","","-0.77%"
"11-07-2022","21,446.79","21,446.79","21,446.79","21,446.79","","0.43%"
"08-07-2022","21,355.42","21,355.42","21,355.42","21,355.42","","0.46%"
"07-07-2022","21,257.79","21,257.79","21,257.79","21,257.79","","0.99%"
"06-07-2022","21,048.95","21,048.95","21,048.95","21,048.95","","1.26%"
"05-07-2022","20,787.26","20,787.26","20,787.26","20,787.26","","-0.07%"
"04-07-2022","20,802.77","20,802.77","20,802.77","20,802.77","","0.60%"
"01-07-2022","20,678.08","20,678.08","20,678.08","20,678.08","","0.05%"
"30-06-2022","20,667.27","20,667.27","20,667.27","20,667.27","","-0.20%"
"29-06-2022","20,708.33","20,708.33","20,708.33","20,708.33","","-0.34%"
"28-06-2022","20,779.92","20,779.92","20,779.92","20,779.92","","0.15%"
"27-06-2022","20,749.40","20,749.40","20,749.40","20,749.40","","0.92%"
"24-06-2022","20,561.02","20,561.02","20,561.02","20,561.02","","1.09%"
"23-06-2022","20,339.15","20,339.15","20,339.15","20,339.15","","1.01%"
"22-06-2022","20,136.40","20,136.40","20,136.40","20,136.40","","-1.46%"
"21-06-2022","20,435.50","20,435.50","20,435.50","20,435.50","","2.25%"
"20-06-2022","19,985.84","19,985.84","19,985.84","19,985.84","","-0.33%"
"17-06-2022","20,052.33","20,052.33","20,052.33","20,052.33","","-0.72%"
"16-06-2022","20,197.00","20,197.00","20,197.00","20,197.00","","-2.18%"
"15-06-2022","20,646.77","20,646.77","20,646.77","20,646.77","","0.01%"
"14-06-2022","20,644.23","20,644.23","20,644.23","20,644.23","","-0.21%"
"13-06-2022","20,687.80","20,687.80","20,687.80","20,687.80","","-2.65%"
"10-06-2022","21,250.32","21,250.32","21,250.32","21,250.32","","-1.40%"
"09-06-2022","21,551.00","21,551.00","21,551.00","21,551.00","","0.31%"
"08-06-2022","21,483.60","21,483.60","21,483.60","21,483.60","","0.00%"
"07-06-2022","21,483.60","21,483.60","21,483.60","21,483.60","","-0.84%"
"06-06-2022","21,666.17","21,666.17","21,666.17","21,666.17","","-0.17%"
"03-06-2022","21,702.58","21,702.58","21,702.58","21,702.58","","-0.63%"
"02-06-2022","21,841.16","21,841.16","21,841.16","21,841.16","","0.61%"
"01-06-2022","21,709.49","21,709.49","21,709.49","21,709.49","","-0.26%"
"31-05-2022","21,765.82","21,765.82","21,765.82","21,765.82","","-0.14%"
"30-05-2022","21,797.25","21,797.25","21,797.25","21,797.25","","2.03%"
"27-05-2022","21,363.35","21,363.35","21,363.35","21,363.35","","1.10%"
"26-05-2022","21,131.35","21,131.35","21,131.35","21,131.35","","1.04%"
"25-05-2022","20,912.97","20,912.97","20,912.97","20,912.97","","-1.11%"
"24-05-2022","21,148.40","21,148.40","21,148.40","21,148.40","","-0.64%"
"23-05-2022","21,284.62","21,284.62","21,284.62","21,284.62","","-0.42%"
"20-05-2022","21,375.43","21,375.43","21,375.43","21,375.43","","2.54%"
"19-05-2022","20,845.90","20,845.90","20,845.90","20,845.90","","-2.64%"
"18-05-2022","21,410.98","21,410.98","21,410.98","21,410.98","","-0.06%"
"17-05-2022","21,423.03","21,423.03","21,423.03","21,423.03","","2.62%"
"16-05-2022","20,877.04","20,877.04","20,877.04","20,877.04","","0.74%"
"13-05-2022","20,723.68","20,723.68","20,723.68","20,723.68","","0.05%"
"12-05-2022","20,714.03","20,714.03","20,714.03","20,714.03","","-2.16%"
"11-05-2022","21,171.75","21,171.75","21,171.75","21,171.75","","-0.61%"
"10-05-2022","21,301.05","21,301.05","21,301.05","21,301.05","","-0.97%"
"09-05-2022","21,509.71","21,509.71","21,509.71","21,509.71","","-1.09%"
"06-05-2022","21,746.45","21,746.45","21,746.45","21,746.45","","-1.73%"
"05-05-2022","22,130.39","22,130.39","22,130.39","22,130.39","","0.02%"
"04-05-2022","22,126.53","22,126.53","22,126.53","22,126.53","","-2.33%"
"02-05-2022","22,653.68","22,653.68","22,653.68","22,653.68","","-0.32%"
"29-04-2022","22,726.01","22,726.01","22,726.01","22,726.01","","-0.88%"
"28-04-2022","22,926.74","22,926.74","22,926.74","22,926.74","","1.09%"
"27-04-2022","22,680.26","22,680.26","22,680.26","22,680.26","","-0.96%"
"26-04-2022","22,899.02","22,899.02","22,899.02","22,899.02","","1.54%"
"25-04-2022","22,552.63","22,552.63","22,552.63","22,552.63","","-1.49%"
"22-04-2022","22,893.20","22,893.20","22,893.20","22,893.20","","-1.06%"
"21-04-2022","23,137.67","23,137.67","23,137.67","23,137.67","","1.37%"
"20-04-2022","22,824.10","22,824.10","22,824.10","22,824.10","","0.84%"
"19-04-2022","22,634.01","22,634.01","22,634.01","22,634.01","","-1.33%"
"18-04-2022","22,940.09","22,940.09","22,940.09","22,940.09","","-1.40%"
"13-04-2022","23,266.65","23,266.65","23,266.65","23,266.65","","-0.17%"
"12-04-2022","23,306.86","23,306.86","23,306.86","23,306.86","","-1.05%"
"11-04-2022","23,553.95","23,553.95","23,553.95","23,553.95","","-0.11%"
"08-04-2022","23,579.95","23,579.95","23,579.95","23,579.95","","0.93%"
"07-04-2022","23,362.93","23,362.93","23,362.93","23,362.93","","-0.83%"
"06-04-2022","23,557.60","23,557.60","23,557.60","23,557.60","","-0.41%"
"05-04-2022","23,653.78","23,653.78","23,653.78","23,653.78","","0.05%"
"04-04-2022","23,642.61","23,642.61","23,642.61","23,642.61","","1.97%"
"01-04-2022","23,185.39","23,185.39","23,185.39","23,185.39","","1.29%"
"31-03-2022","22,889.14","22,889.14","22,889.14","22,889.14","","-0.02%"
"30-03-2022","22,892.81","22,892.81","22,892.81","22,892.81","","0.92%"
"29-03-2022","22,684.14","22,684.14","22,684.14","22,684.14","","0.59%"
"28-03-2022","22,551.67","22,551.67","22,551.67","22,551.67","","0.17%"
"25-03-2022","22,513.87","22,513.87","22,513.87","22,513.87","","-0.32%"
"24-03-2022","22,586.94","22,586.94","22,586.94","22,586.94","","0.03%"
"23-03-2022","22,579.87","22,579.87","22,579.87","22,579.87","","-0.20%"
"22-03-2022","22,624.23","22,624.23","22,624.23","22,624.23","","0.83%"
"21-03-2022","22,437.28","22,437.28","22,437.28","22,437.28","","-0.80%"
"17-03-2022","22,618.83","22,618.83","22,618.83","22,618.83","","1.66%"
"16-03-2022","22,250.14","22,250.14","22,250.14","22,250.14","","1.87%"
"15-03-2022","21,841.28","21,841.28","21,841.28","21,841.28","","-1.10%"
"14-03-2022","22,085.19","22,085.19","22,085.19","22,085.19","","0.97%"
"11-03-2022","21,873.99","21,873.99","21,873.99","21,873.99","","0.34%"
"10-03-2022","21,799.49","21,799.49","21,799.49","21,799.49","","1.50%"
"09-03-2022","21,477.68","21,477.68","21,477.68","21,477.68","","2.01%"
"08-03-2022","21,055.17","21,055.17","21,055.17","21,055.17","","1.05%"
"07-03-2022","20,836.23","20,836.23","20,836.23","20,836.23","","-2.37%"
"04-03-2022","21,341.50","21,341.50","21,341.50","21,341.50","","-1.72%"
"03-03-2022","21,714.47","21,714.47","21,714.47","21,714.47","","-0.45%"
"02-03-2022","21,812.50","21,812.50","21,812.50","21,812.50","","-0.76%"
"28-02-2022","21,978.65","21,978.65","21,978.65","21,978.65","","0.85%"
"25-02-2022","21,793.49","21,793.49","21,793.49","21,793.49","","3.00%"
"24-02-2022","21,159.69","21,159.69","21,159.69","21,159.69","","-5.04%"
"23-02-2022","22,282.64","22,282.64","22,282.64","22,282.64","","0.12%"
"22-02-2022","22,254.97","22,254.97","22,254.97","22,254.97","","-0.73%"
"21-02-2022","22,419.75","22,419.75","22,419.75","22,419.75","","-0.75%"
"18-02-2022","22,588.37","22,588.37","22,588.37","22,588.37","","-0.41%"
"17-02-2022","22,682.48","22,682.48","22,682.48","22,682.48","","-0.11%"
"16-02-2022","22,706.70","22,706.70","22,706.70","22,706.70","","-0.09%"
"15-02-2022","22,726.82","22,726.82","22,726.82","22,726.82","","2.82%"
"14-02-2022","22,103.72","22,103.72","22,103.72","22,103.72","","-3.26%"
"11-02-2022","22,847.57","22,847.57","22,847.57","22,847.57","","-1.46%"
"10-02-2022","23,186.39","23,186.39","23,186.39","23,186.39","","0.65%"
"09-02-2022","23,037.24","23,037.24","23,037.24","23,037.24","","1.09%"
"08-02-2022","22,788.92","22,788.92","22,788.92","22,788.92","","-0.09%"
"07-02-2022","22,809.50","22,809.50","22,809.50","22,809.50","","-1.42%"
"04-02-2022","23,138.74","23,138.74","23,138.74","23,138.74","","-0.33%"
"03-02-2022","23,215.34","23,215.34","23,215.34","23,215.34","","-1.01%"
"02-02-2022","23,452.49","23,452.49","23,452.49","23,452.49","","1.17%"
"01-02-2022","23,180.44","23,180.44","23,180.44","23,180.44","","1.31%"
"31-01-2022","22,881.58","22,881.58","22,881.58","22,881.58","","1.35%"
"28-01-2022","22,577.57","22,577.57","22,577.57","22,577.57","","0.30%"
"27-01-2022","22,510.82","22,510.82","22,510.82","22,510.82","","-1.03%"
"25-01-2022","22,744.48","22,744.48","22,744.48","22,744.48","","0.82%"
"24-01-2022","22,560.17","22,560.17","22,560.17","22,560.17","","-3.08%"
"21-01-2022","23,278.25","23,278.25","23,278.25","23,278.25","","-1.17%"
"20-01-2022","23,554.44","23,554.44","23,554.44","23,554.44","","-0.71%"
"19-01-2022","23,722.89","23,722.89","23,722.89","23,722.89","","-0.64%"
"18-01-2022","23,875.70","23,875.70","23,875.70","23,875.70","","-1.32%"
"17-01-2022","24,194.84","24,194.84","24,194.84","24,194.84","","0.32%"
"14-01-2022","24,116.52","24,116.52","24,116.52","24,116.52","","0.06%"
"13-01-2022","24,102.20","24,102.20","24,102.20","24,102.20","","0.34%"
"12-01-2022","24,020.69","24,020.69","24,020.69","24,020.69","","0.88%"
"11-01-2022","23,810.11","23,810.11","23,810.11","23,810.11","","0.23%"
"10-01-2022","23,756.45","23,756.45","23,756.45","23,756.45","","0.96%"
"07-01-2022","23,531.13","23,531.13","23,531.13","23,531.13","","0.38%"
"06-01-2022","23,441.51","23,441.51","23,441.51","23,441.51","","-0.69%"
"05-01-2022","23,604.46","23,604.46","23,604.46","23,604.46","","0.51%"
"04-01-2022","23,485.37","23,485.37","23,485.37","23,485.37","","0.75%"
"03-01-2022","23,310.38","23,310.38","23,310.38","23,310.38","","1.39%"